-- phpMyAdmin SQL Dump
-- version 5.0.2
-- https://www.phpmyadmin.net/
--
-- Host: 127.0.0.1
-- Generation Time: Aug 28, 2021 at 04:46 PM
-- Server version: 10.4.14-MariaDB
-- PHP Version: 7.4.10

SET SQL_MODE = "NO_AUTO_VALUE_ON_ZERO";
START TRANSACTION;
SET time_zone = "+00:00";


/*!40101 SET @OLD_CHARACTER_SET_CLIENT=@@CHARACTER_SET_CLIENT */;
/*!40101 SET @OLD_CHARACTER_SET_RESULTS=@@CHARACTER_SET_RESULTS */;
/*!40101 SET @OLD_COLLATION_CONNECTION=@@COLLATION_CONNECTION */;
/*!40101 SET NAMES utf8mb4 */;

--
-- Database: `laravel8_ecommerce`
--

-- --------------------------------------------------------

--
-- Table structure for table `brands`
--

CREATE TABLE `brands` (
  `id` bigint(20) UNSIGNED NOT NULL,
  `brand_name` varchar(255) COLLATE utf8mb4_unicode_ci NOT NULL,
  `brand_slug` varchar(255) COLLATE utf8mb4_unicode_ci NOT NULL,
  `brand_logo` varchar(255) COLLATE utf8mb4_unicode_ci DEFAULT NULL,
  `front_page` varchar(255) COLLATE utf8mb4_unicode_ci DEFAULT NULL,
  `created_at` timestamp NULL DEFAULT NULL,
  `updated_at` timestamp NULL DEFAULT NULL
) ENGINE=InnoDB DEFAULT CHARSET=utf8mb4 COLLATE=utf8mb4_unicode_ci;

--
-- Dumping data for table `brands`
--

INSERT INTO `brands` (`id`, `brand_name`, `brand_slug`, `brand_logo`, `front_page`, `created_at`, `updated_at`) VALUES
(3, 'Plus-Point', 'plus-point', 'public/files/brand/plus-point.jpg', NULL, NULL, NULL),
(4, 'Mens-World', 'mens-world', 'public/files/brand/mens-world.jpg', NULL, NULL, NULL),
(8, 'Gentle-Park', 'gentle-park', 'public/files/brand/gentle-park.jpg', NULL, NULL, NULL),
(11, 'Laravel', 'laravel', 'public/files/brand/laravel.png', NULL, NULL, NULL),
(12, 'Laravels', 'laravels', 'public/files/brand/laravels.png', NULL, NULL, NULL);

-- --------------------------------------------------------

--
-- Table structure for table `categories`
--

CREATE TABLE `categories` (
  `id` bigint(20) UNSIGNED NOT NULL,
  `category_name` varchar(255) COLLATE utf8mb4_unicode_ci DEFAULT NULL,
  `category_slug` varchar(255) COLLATE utf8mb4_unicode_ci DEFAULT NULL,
  `created_at` timestamp NULL DEFAULT NULL,
  `updated_at` timestamp NULL DEFAULT NULL
) ENGINE=InnoDB DEFAULT CHARSET=utf8mb4 COLLATE=utf8mb4_unicode_ci;

--
-- Dumping data for table `categories`
--

INSERT INTO `categories` (`id`, `category_name`, `category_slug`, `created_at`, `updated_at`) VALUES
(6, 'Women-Fashion', 'women-fashion', NULL, NULL),
(8, 'Kids-Fashion', 'kids-fashion', NULL, '2021-05-14 11:56:54'),
(9, 'Old-Fashion', 'old-fashion', NULL, NULL),
(10, 'Men-Fashion', 'men-fashion', NULL, '2021-05-18 00:20:35'),
(13, 'Juwellary', 'juwellary', NULL, NULL);

-- --------------------------------------------------------

--
-- Table structure for table `childcategories`
--

CREATE TABLE `childcategories` (
  `id` bigint(20) UNSIGNED NOT NULL,
  `category_id` bigint(20) UNSIGNED NOT NULL,
  `subcategory_id` bigint(20) UNSIGNED NOT NULL,
  `childcategory_name` varchar(255) COLLATE utf8mb4_unicode_ci NOT NULL,
  `childcategory_slug` varchar(255) COLLATE utf8mb4_unicode_ci NOT NULL,
  `created_at` timestamp NULL DEFAULT NULL,
  `updated_at` timestamp NULL DEFAULT NULL
) ENGINE=InnoDB DEFAULT CHARSET=utf8mb4 COLLATE=utf8mb4_unicode_ci;

--
-- Dumping data for table `childcategories`
--

INSERT INTO `childcategories` (`id`, `category_id`, `subcategory_id`, `childcategory_name`, `childcategory_slug`, `created_at`, `updated_at`) VALUES
(4, 8, 4, 'Casual-Shoes', 'casual-shoes', NULL, NULL),
(5, 10, 8, 'Geants', 'geants', NULL, NULL),
(11, 10, 6, 'Casio', 'casio', NULL, NULL),
(12, 10, 8, 'Gabadings', 'gabadings', NULL, NULL),
(16, 10, 6, 'Rolex', 'rolex', NULL, NULL),
(17, 10, 12, 'skyblue', 'skyblue', NULL, NULL);

-- --------------------------------------------------------

--
-- Table structure for table `coupons`
--

CREATE TABLE `coupons` (
  `id` bigint(20) UNSIGNED NOT NULL,
  `coupon_code` varchar(255) COLLATE utf8mb4_unicode_ci DEFAULT NULL,
  `valid_date` varchar(255) COLLATE utf8mb4_unicode_ci DEFAULT NULL,
  `type` int(11) DEFAULT NULL,
  `coupon_amount` int(11) NOT NULL,
  `status` varchar(255) COLLATE utf8mb4_unicode_ci DEFAULT NULL,
  `created_at` timestamp NULL DEFAULT NULL,
  `updated_at` timestamp NULL DEFAULT NULL
) ENGINE=InnoDB DEFAULT CHARSET=utf8mb4 COLLATE=utf8mb4_unicode_ci;

--
-- Dumping data for table `coupons`
--

INSERT INTO `coupons` (`id`, `coupon_code`, `valid_date`, `type`, `coupon_amount`, `status`, `created_at`, `updated_at`) VALUES
(5, 'Laravel5', '2021-07-06', 1, 1000, 'Active', NULL, NULL),
(20, 'nazmul20', '2021-08-06', 1, 1200, 'Active', NULL, NULL),
(25, 'summer500', '2021-08-14', 1, 1000, 'Active', NULL, NULL);

-- --------------------------------------------------------

--
-- Table structure for table `failed_jobs`
--

CREATE TABLE `failed_jobs` (
  `id` bigint(20) UNSIGNED NOT NULL,
  `uuid` varchar(255) COLLATE utf8mb4_unicode_ci NOT NULL,
  `connection` text COLLATE utf8mb4_unicode_ci NOT NULL,
  `queue` text COLLATE utf8mb4_unicode_ci NOT NULL,
  `payload` longtext COLLATE utf8mb4_unicode_ci NOT NULL,
  `exception` longtext COLLATE utf8mb4_unicode_ci NOT NULL,
  `failed_at` timestamp NOT NULL DEFAULT current_timestamp()
) ENGINE=InnoDB DEFAULT CHARSET=utf8mb4 COLLATE=utf8mb4_unicode_ci;

-- --------------------------------------------------------

--
-- Table structure for table `migrations`
--

CREATE TABLE `migrations` (
  `id` int(10) UNSIGNED NOT NULL,
  `migration` varchar(255) COLLATE utf8mb4_unicode_ci NOT NULL,
  `batch` int(11) NOT NULL
) ENGINE=InnoDB DEFAULT CHARSET=utf8mb4 COLLATE=utf8mb4_unicode_ci;

--
-- Dumping data for table `migrations`
--

INSERT INTO `migrations` (`id`, `migration`, `batch`) VALUES
(1, '2014_10_12_000000_create_users_table', 1),
(2, '2014_10_12_100000_create_password_resets_table', 1),
(3, '2019_08_19_000000_create_failed_jobs_table', 1),
(4, '2021_05_07_203236_create_categories_table', 2),
(5, '2021_05_16_172929_create_subcategories_table', 3),
(6, '2021_05_17_100045_create_subcategories_table', 4),
(7, '2021_05_19_154659_create_childcategories_table', 5),
(8, '2021_05_28_171414_create_brands_table', 6),
(9, '2021_06_05_052622_create_coupons_table', 7),
(10, '2021_06_11_173732_create_seos_table', 8),
(11, '2021_06_11_184046_create_seos_table', 9),
(12, '2021_06_21_184058_create_smtp_table', 10),
(13, '2021_06_22_181720_create_pages_table', 11),
(14, '2021_06_22_183308_create_pages_table', 12),
(15, '2021_06_25_062538_create_website_settings_table', 13),
(16, '2021_06_29_092712_create_products_table', 14),
(17, '2021_06_29_093158_create_warehouses_table', 15),
(18, '2021_06_30_142923_create_coupons_table', 16),
(19, '2021_07_06_063207_create_pickup_point_table', 17);

-- --------------------------------------------------------

--
-- Table structure for table `pages`
--

CREATE TABLE `pages` (
  `id` bigint(20) UNSIGNED NOT NULL,
  `page_position` int(11) DEFAULT NULL,
  `page_name` varchar(255) COLLATE utf8mb4_unicode_ci DEFAULT NULL,
  `page_slug` varchar(255) COLLATE utf8mb4_unicode_ci DEFAULT NULL,
  `page_title` varchar(255) COLLATE utf8mb4_unicode_ci DEFAULT NULL,
  `page_description` text COLLATE utf8mb4_unicode_ci NOT NULL,
  `created_at` timestamp NULL DEFAULT NULL,
  `updated_at` timestamp NULL DEFAULT NULL
) ENGINE=InnoDB DEFAULT CHARSET=utf8mb4 COLLATE=utf8mb4_unicode_ci;

--
-- Dumping data for table `pages`
--

INSERT INTO `pages` (`id`, `page_position`, `page_name`, `page_slug`, `page_title`, `page_description`, `created_at`, `updated_at`) VALUES
(1, 1, 'Terms & Condition', 'terms-condition', 'Terms & Condition for Purchasing Our Products', '<ol style=\"color: rgb(33, 37, 41); font-family: &quot;Helvetica Neue&quot;, Helvetica, Arial, sans-serif; font-size: 18px; background-color: rgb(255, 255, 255);\"><li style=\"margin-bottom: 20px;\">The&nbsp;<span style=\"font-weight: bolder;\">Intellectual Property</span>&nbsp;disclosure will inform users that the contents, logo and other visual media you created is your property and is protected by copyright laws.</li><li style=\"margin-bottom: 20px;\">A&nbsp;<span style=\"font-weight: bolder;\">Termination</span>&nbsp;clause will inform that users\' accounts on your website and mobile app or users\' access to your website and mobile (if users can\'t have an account with you) can be terminated in case of abuses or at your sole discretion.</li><li style=\"margin-bottom: 20px;\">A&nbsp;<span style=\"font-weight: bolder;\">Governing Law</span>&nbsp;will inform users which laws govern the agreement. This should the country in which your company is headquartered or the country from which you operate your website and mobile app.</li></ol>', NULL, NULL);

-- --------------------------------------------------------

--
-- Table structure for table `password_resets`
--

CREATE TABLE `password_resets` (
  `email` varchar(255) COLLATE utf8mb4_unicode_ci NOT NULL,
  `token` varchar(255) COLLATE utf8mb4_unicode_ci NOT NULL,
  `created_at` timestamp NULL DEFAULT NULL
) ENGINE=InnoDB DEFAULT CHARSET=utf8mb4 COLLATE=utf8mb4_unicode_ci;

--
-- Dumping data for table `password_resets`
--

INSERT INTO `password_resets` (`email`, `token`, `created_at`) VALUES
('admin@gmail.com', '$2y$10$VwHBKBkGGHyb6jcfAMHnFuTaYPgTKVuhF.dk0RugxkNwlWw6cKzfm', '2021-06-11 03:59:13');

-- --------------------------------------------------------

--
-- Table structure for table `pickup_point`
--

CREATE TABLE `pickup_point` (
  `id` bigint(20) UNSIGNED NOT NULL,
  `pickup_point_name` varchar(255) COLLATE utf8mb4_unicode_ci NOT NULL,
  `pickup_point_address` varchar(255) COLLATE utf8mb4_unicode_ci NOT NULL,
  `pickup_point_phone` varchar(255) COLLATE utf8mb4_unicode_ci NOT NULL,
  `pickup_point_phone_two` varchar(255) COLLATE utf8mb4_unicode_ci DEFAULT NULL,
  `created_at` timestamp NULL DEFAULT NULL,
  `updated_at` timestamp NULL DEFAULT NULL
) ENGINE=InnoDB DEFAULT CHARSET=utf8mb4 COLLATE=utf8mb4_unicode_ci;

--
-- Dumping data for table `pickup_point`
--

INSERT INTO `pickup_point` (`id`, `pickup_point_name`, `pickup_point_address`, `pickup_point_phone`, `pickup_point_phone_two`, `created_at`, `updated_at`) VALUES
(1, 'motijeel', '4th floor, shapla bhabon', '01963555694', '01858735321', NULL, NULL),
(3, 'Dhanmondi', '4th floor, shapla bhabonn', '01963555695', '01858735311', NULL, NULL);

-- --------------------------------------------------------

--
-- Table structure for table `products`
--

CREATE TABLE `products` (
  `id` bigint(20) UNSIGNED NOT NULL,
  `category_id` bigint(20) UNSIGNED NOT NULL,
  `subcategory_id` bigint(20) UNSIGNED NOT NULL,
  `childcategory_id` int(11) DEFAULT NULL,
  `brand_id` int(11) DEFAULT NULL,
  `pickup_point_id` int(11) DEFAULT NULL,
  `name` varchar(255) COLLATE utf8mb4_unicode_ci NOT NULL,
  `slug` varchar(255) COLLATE utf8mb4_unicode_ci DEFAULT NULL,
  `code` varchar(255) COLLATE utf8mb4_unicode_ci DEFAULT NULL,
  `unit` varchar(255) COLLATE utf8mb4_unicode_ci DEFAULT NULL,
  `tags` varchar(255) COLLATE utf8mb4_unicode_ci DEFAULT NULL,
  `color` varchar(255) COLLATE utf8mb4_unicode_ci DEFAULT NULL,
  `size` varchar(255) COLLATE utf8mb4_unicode_ci DEFAULT NULL,
  `video` varchar(255) COLLATE utf8mb4_unicode_ci DEFAULT NULL,
  `purchase_price` varchar(255) COLLATE utf8mb4_unicode_ci DEFAULT NULL,
  `selling_price` varchar(255) COLLATE utf8mb4_unicode_ci DEFAULT NULL,
  `discount_price` varchar(255) COLLATE utf8mb4_unicode_ci DEFAULT NULL,
  `stock_quantity` varchar(255) COLLATE utf8mb4_unicode_ci DEFAULT NULL,
  `warehouse` varchar(191) COLLATE utf8mb4_unicode_ci DEFAULT NULL,
  `description` varchar(255) COLLATE utf8mb4_unicode_ci DEFAULT NULL,
  `thumbnail` varchar(255) COLLATE utf8mb4_unicode_ci DEFAULT NULL,
  `images` varchar(255) COLLATE utf8mb4_unicode_ci DEFAULT NULL,
  `featured` int(11) DEFAULT NULL,
  `today_deal` int(11) DEFAULT NULL,
  `status` int(11) DEFAULT NULL,
  `flash_deal_id` int(11) DEFAULT NULL,
  `cash_on_delivery` int(11) DEFAULT NULL,
  `admin_id` int(11) DEFAULT NULL,
  `date` varchar(191) COLLATE utf8mb4_unicode_ci DEFAULT NULL,
  `month` varchar(191) COLLATE utf8mb4_unicode_ci DEFAULT NULL,
  `created_at` timestamp NULL DEFAULT NULL,
  `updated_at` timestamp NULL DEFAULT NULL
) ENGINE=InnoDB DEFAULT CHARSET=utf8mb4 COLLATE=utf8mb4_unicode_ci;

--
-- Dumping data for table `products`
--

INSERT INTO `products` (`id`, `category_id`, `subcategory_id`, `childcategory_id`, `brand_id`, `pickup_point_id`, `name`, `slug`, `code`, `unit`, `tags`, `color`, `size`, `video`, `purchase_price`, `selling_price`, `discount_price`, `stock_quantity`, `warehouse`, `description`, `thumbnail`, `images`, `featured`, `today_deal`, `status`, `flash_deal_id`, `cash_on_delivery`, `admin_id`, `date`, `month`, `created_at`, `updated_at`) VALUES
(1, 10, 8, 5, 4, 1, 'china_jeans', 'china-jeans', 'j101', 'pcs', 'catualpans', 'black,gray,blue', '30,31,32,34,35', 'v101', '1500', '2000', '1800', '100', 'warehouse-101', '<p>All type of pants you can buy from our website</p>', 'china-jeans.jpg', '[\"1707904370493360.jpg\",\"1707904370543864.jpg\"]', 1, 1, 1, NULL, NULL, 1, '12-08-2021', 'August', NULL, NULL),
(3, 10, 12, 17, 8, 3, 'shirt', 'shirt', 's10', 'pcs', 'formalshirt', 'skyblue', 'x,xl,xxl', 'v2', '1500', '2000', '1900', '100', 'warehouse-102', '<p>you can buy formal shirt from our website</p>', 'shirt.jpeg', '[\"1707955665699297.jpeg\",\"1707955665823895.jpeg\"]', 1, 1, 1, NULL, NULL, 1, '13-08-2021', 'August', NULL, NULL);

-- --------------------------------------------------------

--
-- Table structure for table `seos`
--

CREATE TABLE `seos` (
  `id` bigint(20) UNSIGNED NOT NULL,
  `meta_title` varchar(255) COLLATE utf8mb4_unicode_ci DEFAULT NULL,
  `meta_author` varchar(255) COLLATE utf8mb4_unicode_ci DEFAULT NULL,
  `meta_keyword` varchar(255) COLLATE utf8mb4_unicode_ci DEFAULT NULL,
  `meta_description` varchar(255) COLLATE utf8mb4_unicode_ci DEFAULT NULL,
  `google_verification` varchar(255) COLLATE utf8mb4_unicode_ci DEFAULT NULL,
  `google_analytics` varchar(255) COLLATE utf8mb4_unicode_ci DEFAULT NULL,
  `google_adsense` varchar(255) COLLATE utf8mb4_unicode_ci DEFAULT NULL,
  `alexa_verification` varchar(255) COLLATE utf8mb4_unicode_ci DEFAULT NULL,
  `created_at` timestamp NULL DEFAULT NULL,
  `updated_at` timestamp NULL DEFAULT NULL
) ENGINE=InnoDB DEFAULT CHARSET=utf8mb4 COLLATE=utf8mb4_unicode_ci;

--
-- Dumping data for table `seos`
--

INSERT INTO `seos` (`id`, `meta_title`, `meta_author`, `meta_keyword`, `meta_description`, `google_verification`, `google_analytics`, `google_adsense`, `alexa_verification`, `created_at`, `updated_at`) VALUES
(1, 'DarazBD', 'Daraz coders', 'ecommerce,online shop,online market', 'it is a digital platform, you can buy  any electronics product from  here.', 'okk', 'okkkk', 'okkkks', 'okks', NULL, NULL);

-- --------------------------------------------------------

--
-- Table structure for table `smtp`
--

CREATE TABLE `smtp` (
  `id` bigint(20) UNSIGNED NOT NULL,
  `mailer` varchar(255) COLLATE utf8mb4_unicode_ci DEFAULT NULL,
  `host` varchar(255) COLLATE utf8mb4_unicode_ci DEFAULT NULL,
  `port` varchar(255) COLLATE utf8mb4_unicode_ci DEFAULT NULL,
  `user_name` varchar(255) COLLATE utf8mb4_unicode_ci DEFAULT NULL,
  `password` varchar(255) COLLATE utf8mb4_unicode_ci DEFAULT NULL,
  `created_at` timestamp NULL DEFAULT NULL,
  `updated_at` timestamp NULL DEFAULT NULL
) ENGINE=InnoDB DEFAULT CHARSET=utf8mb4 COLLATE=utf8mb4_unicode_ci;

--
-- Dumping data for table `smtp`
--

INSERT INTO `smtp` (`id`, `mailer`, `host`, `port`, `user_name`, `password`, `created_at`, `updated_at`) VALUES
(1, 'smtp', 'smtp.mailtrap.io', '2525', 'nazmul96', '123456', NULL, NULL);

-- --------------------------------------------------------

--
-- Table structure for table `subcategories`
--

CREATE TABLE `subcategories` (
  `id` bigint(20) UNSIGNED NOT NULL,
  `category_id` bigint(20) UNSIGNED NOT NULL,
  `subcat_name` varchar(255) COLLATE utf8mb4_unicode_ci NOT NULL,
  `subcat_slug` varchar(255) COLLATE utf8mb4_unicode_ci NOT NULL,
  `created_at` timestamp NULL DEFAULT NULL,
  `updated_at` timestamp NULL DEFAULT NULL
) ENGINE=InnoDB DEFAULT CHARSET=utf8mb4 COLLATE=utf8mb4_unicode_ci;

--
-- Dumping data for table `subcategories`
--

INSERT INTO `subcategories` (`id`, `category_id`, `subcat_name`, `subcat_slug`, `created_at`, `updated_at`) VALUES
(1, 6, 'Borka', 'borka', NULL, NULL),
(4, 8, 'kids-Shoes', 'shoes', NULL, NULL),
(5, 6, 'womens-wallet', 'womens-wallet', NULL, NULL),
(6, 10, 'mens-Watches', 'watches', NULL, NULL),
(7, 10, 'Mens-Glass', 'mens-glass', NULL, '2021-05-18 21:51:04'),
(8, 10, 'Mens_pant', 'mens-pant', NULL, NULL),
(12, 10, 'Formal-Shirts', 'formal-shirts', NULL, '2021-08-12 23:31:43'),
(13, 13, 'leknes', 'leknes', NULL, NULL),
(14, 9, 'punjabi', 'punjabi', NULL, NULL);

-- --------------------------------------------------------

--
-- Table structure for table `users`
--

CREATE TABLE `users` (
  `id` bigint(20) UNSIGNED NOT NULL,
  `name` varchar(255) COLLATE utf8mb4_unicode_ci NOT NULL,
  `email` varchar(255) COLLATE utf8mb4_unicode_ci NOT NULL,
  `email_verified_at` timestamp NULL DEFAULT NULL,
  `password` varchar(255) COLLATE utf8mb4_unicode_ci NOT NULL,
  `phone` varchar(255) COLLATE utf8mb4_unicode_ci DEFAULT NULL,
  `is_admin` tinyint(1) DEFAULT NULL,
  `remember_token` varchar(100) COLLATE utf8mb4_unicode_ci DEFAULT NULL,
  `created_at` timestamp NULL DEFAULT NULL,
  `updated_at` timestamp NULL DEFAULT NULL
) ENGINE=InnoDB DEFAULT CHARSET=utf8mb4 COLLATE=utf8mb4_unicode_ci;

--
-- Dumping data for table `users`
--

INSERT INTO `users` (`id`, `name`, `email`, `email_verified_at`, `password`, `phone`, `is_admin`, `remember_token`, `created_at`, `updated_at`) VALUES
(1, 'admin', 'admin@gmail.com', NULL, '$2y$10$viiNf9iz/gZKQ/wQ3nqyrOFOlgE0mKHOnBA5rUtJ/WgF4.BjjgxQa', '01912345678', 1, NULL, '2021-04-29 12:45:39', '2021-06-11 05:09:38'),
(2, 'user', 'user@gmail.com', NULL, '$2y$10$./TfA5WLEDN4tVo.qvpHLeNGQLfW0OkJ8b6gny7RDSDh8i.XhWm7G', NULL, NULL, 'AsK9RObAw4Rb6SfStrYQbIpnmf4pGxhxJonzrYkzN8SappxUonvmtGDiVAXG', '2021-04-30 03:04:08', '2021-05-06 04:00:27');

-- --------------------------------------------------------

--
-- Table structure for table `warehouses`
--

CREATE TABLE `warehouses` (
  `id` bigint(20) UNSIGNED NOT NULL,
  `warehouse_name` varchar(255) COLLATE utf8mb4_unicode_ci DEFAULT NULL,
  `warehouse_address` varchar(255) COLLATE utf8mb4_unicode_ci DEFAULT NULL,
  `warehouse_phone` varchar(255) COLLATE utf8mb4_unicode_ci DEFAULT NULL,
  `created_at` timestamp NULL DEFAULT NULL,
  `updated_at` timestamp NULL DEFAULT NULL
) ENGINE=InnoDB DEFAULT CHARSET=utf8mb4 COLLATE=utf8mb4_unicode_ci;

--
-- Dumping data for table `warehouses`
--

INSERT INTO `warehouses` (`id`, `warehouse_name`, `warehouse_address`, `warehouse_phone`, `created_at`, `updated_at`) VALUES
(1, 'warehouse-101', 'jatrabari', '01963555694', NULL, NULL),
(2, 'warehouse-102', 'Malibag', '01718465013', NULL, NULL),
(3, 'warehouse-103', 'Gulshan', '01721882122', NULL, NULL),
(4, 'warehouse-104', 'Badda', '01721829192', NULL, NULL);

-- --------------------------------------------------------

--
-- Table structure for table `website_settings`
--

CREATE TABLE `website_settings` (
  `id` bigint(20) UNSIGNED NOT NULL,
  `currency` varchar(255) COLLATE utf8mb4_unicode_ci DEFAULT NULL,
  `phone_one` varchar(255) COLLATE utf8mb4_unicode_ci DEFAULT NULL,
  `phone_two` varchar(255) COLLATE utf8mb4_unicode_ci DEFAULT NULL,
  `main_email` varchar(255) COLLATE utf8mb4_unicode_ci DEFAULT NULL,
  `support_email` varchar(255) COLLATE utf8mb4_unicode_ci DEFAULT NULL,
  `logo` varchar(255) COLLATE utf8mb4_unicode_ci DEFAULT NULL,
  `favicon` varchar(255) COLLATE utf8mb4_unicode_ci DEFAULT NULL,
  `address` text COLLATE utf8mb4_unicode_ci DEFAULT NULL,
  `facebook` varchar(255) COLLATE utf8mb4_unicode_ci DEFAULT NULL,
  `twitter` varchar(255) COLLATE utf8mb4_unicode_ci DEFAULT NULL,
  `instagram` varchar(255) COLLATE utf8mb4_unicode_ci DEFAULT NULL,
  `linkedin` varchar(255) COLLATE utf8mb4_unicode_ci DEFAULT NULL,
  `youtube` varchar(255) COLLATE utf8mb4_unicode_ci DEFAULT NULL,
  `created_at` timestamp NULL DEFAULT NULL,
  `updated_at` timestamp NULL DEFAULT NULL
) ENGINE=InnoDB DEFAULT CHARSET=utf8mb4 COLLATE=utf8mb4_unicode_ci;

--
-- Dumping data for table `website_settings`
--

INSERT INTO `website_settings` (`id`, `currency`, `phone_one`, `phone_two`, `main_email`, `support_email`, `logo`, `favicon`, `address`, `facebook`, `twitter`, `instagram`, `linkedin`, `youtube`, `created_at`, `updated_at`) VALUES
(1, '৳', '01858735326', '01963555693', 'ecommerce@gmail.com', 'supportecommerce@gmail.com', 'public/files/setting/60da149e6bee0.png', 'public/files/setting/60da157a0ac3b.png', 'mirpur-2', 'https://www.facebook.com/', 'https://www.facebook.com/', 'https://www.facebook.com/', 'https://www.facebook.com/', 'https://www.facebook.com/', NULL, NULL);

--
-- Indexes for dumped tables
--

--
-- Indexes for table `brands`
--
ALTER TABLE `brands`
  ADD PRIMARY KEY (`id`);

--
-- Indexes for table `categories`
--
ALTER TABLE `categories`
  ADD PRIMARY KEY (`id`);

--
-- Indexes for table `childcategories`
--
ALTER TABLE `childcategories`
  ADD PRIMARY KEY (`id`),
  ADD KEY `childcategories_category_id_foreign` (`category_id`),
  ADD KEY `childcategories_subcategory_id_foreign` (`subcategory_id`);

--
-- Indexes for table `coupons`
--
ALTER TABLE `coupons`
  ADD PRIMARY KEY (`id`);

--
-- Indexes for table `failed_jobs`
--
ALTER TABLE `failed_jobs`
  ADD PRIMARY KEY (`id`),
  ADD UNIQUE KEY `failed_jobs_uuid_unique` (`uuid`);

--
-- Indexes for table `migrations`
--
ALTER TABLE `migrations`
  ADD PRIMARY KEY (`id`);

--
-- Indexes for table `pages`
--
ALTER TABLE `pages`
  ADD PRIMARY KEY (`id`);

--
-- Indexes for table `password_resets`
--
ALTER TABLE `password_resets`
  ADD KEY `password_resets_email_index` (`email`);

--
-- Indexes for table `pickup_point`
--
ALTER TABLE `pickup_point`
  ADD PRIMARY KEY (`id`);

--
-- Indexes for table `products`
--
ALTER TABLE `products`
  ADD PRIMARY KEY (`id`),
  ADD KEY `products_category_id_foreign` (`category_id`),
  ADD KEY `products_subcategory_id_foreign` (`subcategory_id`);

--
-- Indexes for table `seos`
--
ALTER TABLE `seos`
  ADD PRIMARY KEY (`id`);

--
-- Indexes for table `smtp`
--
ALTER TABLE `smtp`
  ADD PRIMARY KEY (`id`);

--
-- Indexes for table `subcategories`
--
ALTER TABLE `subcategories`
  ADD PRIMARY KEY (`id`),
  ADD KEY `subcategories_category_id_foreign` (`category_id`);

--
-- Indexes for table `users`
--
ALTER TABLE `users`
  ADD PRIMARY KEY (`id`),
  ADD UNIQUE KEY `users_email_unique` (`email`);

--
-- Indexes for table `warehouses`
--
ALTER TABLE `warehouses`
  ADD PRIMARY KEY (`id`);

--
-- Indexes for table `website_settings`
--
ALTER TABLE `website_settings`
  ADD PRIMARY KEY (`id`);

--
-- AUTO_INCREMENT for dumped tables
--

--
-- AUTO_INCREMENT for table `brands`
--
ALTER TABLE `brands`
  MODIFY `id` bigint(20) UNSIGNED NOT NULL AUTO_INCREMENT, AUTO_INCREMENT=13;

--
-- AUTO_INCREMENT for table `categories`
--
ALTER TABLE `categories`
  MODIFY `id` bigint(20) UNSIGNED NOT NULL AUTO_INCREMENT, AUTO_INCREMENT=14;

--
-- AUTO_INCREMENT for table `childcategories`
--
ALTER TABLE `childcategories`
  MODIFY `id` bigint(20) UNSIGNED NOT NULL AUTO_INCREMENT, AUTO_INCREMENT=18;

--
-- AUTO_INCREMENT for table `coupons`
--
ALTER TABLE `coupons`
  MODIFY `id` bigint(20) UNSIGNED NOT NULL AUTO_INCREMENT, AUTO_INCREMENT=26;

--
-- AUTO_INCREMENT for table `failed_jobs`
--
ALTER TABLE `failed_jobs`
  MODIFY `id` bigint(20) UNSIGNED NOT NULL AUTO_INCREMENT;

--
-- AUTO_INCREMENT for table `migrations`
--
ALTER TABLE `migrations`
  MODIFY `id` int(10) UNSIGNED NOT NULL AUTO_INCREMENT, AUTO_INCREMENT=20;

--
-- AUTO_INCREMENT for table `pages`
--
ALTER TABLE `pages`
  MODIFY `id` bigint(20) UNSIGNED NOT NULL AUTO_INCREMENT, AUTO_INCREMENT=3;

--
-- AUTO_INCREMENT for table `pickup_point`
--
ALTER TABLE `pickup_point`
  MODIFY `id` bigint(20) UNSIGNED NOT NULL AUTO_INCREMENT, AUTO_INCREMENT=5;

--
-- AUTO_INCREMENT for table `products`
--
ALTER TABLE `products`
  MODIFY `id` bigint(20) UNSIGNED NOT NULL AUTO_INCREMENT, AUTO_INCREMENT=4;

--
-- AUTO_INCREMENT for table `seos`
--
ALTER TABLE `seos`
  MODIFY `id` bigint(20) UNSIGNED NOT NULL AUTO_INCREMENT, AUTO_INCREMENT=3;

--
-- AUTO_INCREMENT for table `smtp`
--
ALTER TABLE `smtp`
  MODIFY `id` bigint(20) UNSIGNED NOT NULL AUTO_INCREMENT, AUTO_INCREMENT=2;

--
-- AUTO_INCREMENT for table `subcategories`
--
ALTER TABLE `subcategories`
  MODIFY `id` bigint(20) UNSIGNED NOT NULL AUTO_INCREMENT, AUTO_INCREMENT=15;

--
-- AUTO_INCREMENT for table `users`
--
ALTER TABLE `users`
  MODIFY `id` bigint(20) UNSIGNED NOT NULL AUTO_INCREMENT, AUTO_INCREMENT=3;

--
-- AUTO_INCREMENT for table `warehouses`
--
ALTER TABLE `warehouses`
  MODIFY `id` bigint(20) UNSIGNED NOT NULL AUTO_INCREMENT, AUTO_INCREMENT=6;

--
-- AUTO_INCREMENT for table `website_settings`
--
ALTER TABLE `website_settings`
  MODIFY `id` bigint(20) UNSIGNED NOT NULL AUTO_INCREMENT, AUTO_INCREMENT=2;

--
-- Constraints for dumped tables
--

--
-- Constraints for table `childcategories`
--
ALTER TABLE `childcategories`
  ADD CONSTRAINT `childcategories_category_id_foreign` FOREIGN KEY (`category_id`) REFERENCES `categories` (`id`) ON DELETE CASCADE,
  ADD CONSTRAINT `childcategories_subcategory_id_foreign` FOREIGN KEY (`subcategory_id`) REFERENCES `subcategories` (`id`) ON DELETE CASCADE;

--
-- Constraints for table `products`
--
ALTER TABLE `products`
  ADD CONSTRAINT `products_category_id_foreign` FOREIGN KEY (`category_id`) REFERENCES `categories` (`id`) ON DELETE CASCADE,
  ADD CONSTRAINT `products_subcategory_id_foreign` FOREIGN KEY (`subcategory_id`) REFERENCES `subcategories` (`id`) ON DELETE CASCADE;

--
-- Constraints for table `subcategories`
--
ALTER TABLE `subcategories`
  ADD CONSTRAINT `subcategories_category_id_foreign` FOREIGN KEY (`category_id`) REFERENCES `categories` (`id`) ON DELETE CASCADE;
COMMIT;

/*!40101 SET CHARACTER_SET_CLIENT=@OLD_CHARACTER_SET_CLIENT */;
/*!40101 SET CHARACTER_SET_RESULTS=@OLD_CHARACTER_SET_RESULTS */;
/*!40101 SET COLLATION_CONNECTION=@OLD_COLLATION_CONNECTION */;
